meter_id,customer_type,tariff,electric_heating,connection_year,years_connected,district
UA101476,household,dual_zone,1,1998,28,Obolon
UA101604,small_business,single,0,2005,21,Sviatoshyn
UA102933,household,dual_zone,0,2015,10,Darnytsia
UA103017,household,single,0,1996,30,Solomianka
UA103109,small_business,single,0,2005,21,Sviatoshyn
UA103315,industrial,single,0,2022,4,PODIL
UA104154,household,single,0,2020,6,Obolon
UA104420,household,dual_zone,1,1985,41,Podil
UA107893,household,dual_zone,1,2001,25,Darnytsia 
UA109634,small_business,dual_zone,0,1998,28,Darnytsia
UA113253,household,single,1,2024,1,solomianka
00UA113888,household,single,0,2002,24,Podil
UA115447,small_business,dual_zone,1,1994,32,Podil
UA117913,household,single,0,2006,20,Obolon
UA119388,small_business,single,0,2007,19,Podil
UA121433,industrial,single,0,2014,11,Solomianka
UA121812,household,single,0,2016,10,Podil
UA122410,household,single,1,2014,11,Darnytsia
UA125490,household,single,0,2019,6,Darnytsia
UA128591,household,single,1,1987,38,Darnytsia
UA131020,industrial,single,0,2008,18,Solomianka
UA131778,industrial,single,0,2001,25,Solomianka
UA132173,household,dual_zone,1,2007,19,Sviatoshyn
UA133971,small_business,single,0,2013,13,Podil
UA135138,household,single,0,1991,35,Darnytsia
UA135423,small_business,single,0,2006,19,Sviatoshyn
UA135724,household,single,0,2022,4,DARNYTSIA
UA136061,household,single,0,2006,20,Podil
UA137549,household,dual_zone,0,2018,8,Podil
 UA138607,household,single,0,2016,10,Solomianka
UA140855,small_business,single,0,2012,14,Darnytsia
UA140934,small_business,single,0,2023,2,Sviatoshyn
UA143987,household,single,0,1999,27,Podil
UA144598 ,household,single,0,1989,36,Darnytsia
UA146652,household,single,0,2016,10,Sviatoshyn
UA148014,household,dual_zone,1,2007,18,Obolon
UA148561 ,small_business,dual_zone,1,2014,12,Solomianka
UA149026,small_business,dual_zone,0,1994,31,Darnytsia 
UA150273,household,dual_zone,0,2021,4,Darnytsia
UA153818,household,dual_zone,1,1990,36,Podil
UA154202,household,single,0,2003,22,Solomianka
UA154808,industrial,dual_zone,0,1987,38,Podil
UA155977,household,dual_zone,1,2016,10,Obolon
UA157878,household,dual_zone,1,1988,37,Podil
UA159170,household,single,0,2020,5,Sviatoshyn
UA161800,household,single,1,2001,24,Obolon
UA164097,small_business,single,0,1986,39,Darnytsia
UA165993,small_business,single,0,2009,16,Obolon
UA167876,household,single,0,2001,25,Solomianka
UA169148,household,single,0,1993,32,Podil
UA173285,household,single,0,2023,3,Obolon
00UA173852,industrial,single,0,1990,36,Darnytsia
UA174553,household,dual_zone,0,1997,29,Obolon 
UA174830,household,single,1,2023,2,Solomianka
UA174845,household,dual_zone,1,1992,34,Solomianka
UA176065,household,dual_zone,0,2005,20,Sviatoshyn
UA176378,household,dual_zone,1,2003,23,Solomianka
UA176414,small_business,single,0,1988,38,Podil
UA176920,household,single,0,1994,32,Solomianka
UA177552,household,single,0,1990,35,Sviatoshyn
UA179024,small_business,single,0,2014,11,Darnytsia
UA180461 ,household,dual_zone,1,1991,34,Solomianka
UA180599,household,single,0,1995,30,Darnytsia
UA183970,household,single,0,1986,39,Podil
UA185632,household,dual_zone,0,2023,3,Darnytsia
UA186485,small_business,single,0,2014,11,Solomianka
UA188215 ,small_business,single,0,1990,36,Darnytsia
UA188379,industrial,single,0,1988,38,Podil
UA188398,household,single,0,2011,15,Obolon
UA189182,household,single,0,2012,14,Solomianka
UA189439,household,single,0,1998,28,Darnytsia
UA190101,household,dual_zone,0,2017,8,Solomianka
UA190224,small_business,dual_zone,0,2012,13,Podil 
UA190366,household,dual_zone,1,1996,30,Podil
UA192063,household,dual_zone,1,2018,7,Obolon
UA192328,industrial,single,0,1986,39,Obolon
UA193001,small_business,dual_zone,0,1985,41,Solomianka
 UA193064,industrial,single,0,2020,5,Sviatoshyn
UA193539,household,single,0,2012,14,Podil
UA197246,household,dual_zone,0,1998,28,Sviatoshyn 
00UA197815,small_business,single,0,1997,28,Obolon
UA197944,household,dual_zone,0,1988,38,Sviatoshyn
UA198802,household,dual_zone,0,2005,20,Obolon
UA199343,household,single,0,1990,36,Solomianka
UA200296,household,dual_zone,1,2019,6,Solomianka
UA200841,small_business,single,0,2022,3,Darnytsia
UA201900,small_business,single,0,1988,37,Obolon
UA202295,household,dual_zone,1,1994,32,Darnytsia
UA204812,industrial,single,0,2007,18,Sviatoshyn
UA205364,household,single,0,2009,17,Obolon
UA206132,household,single,0,1985,40,Podil
UA206494,household,single,0,1990,35,Sviatoshyn
UA207197,household,dual_zone,0,1989,36,Darnytsia
UA211795,household,dual_zone,0,1992,33,SVIATOSHYN
UA213828,industrial,dual_zone,0,2013,12,Podil
UA213833,household,single,1,1996,30,Sviatoshyn
UA214448,industrial,dual_zone,0,2003,22,Darnytsia
 UA215461,small_business,single,0,2021,5,PODIL
UA216153,household,single,0,2007,19,Solomianka
UA216415,household,dual_zone,1,1986,40,Darnytsia
UA217820,household,dual_zone,0,2004,22,Darnytsia
UA218094,small_business,single,0,2023,2,Sviatoshyn
UA218383,household,dual_zone,0,2021,5,Darnytsia
UA219420,small_business,single,0,2013,13,Solomianka
UA219543,household,dual_zone,1,1999,26,Solomianka
UA220054,household,single,0,1997,29,Obolon
UA220940,household,single,0,1986,39,Solomianka
UA222200,household,single,0,2021,5,Sviatoshyn
UA223729,small_business,single,0,2008,17,Solomianka
UA223809,household,single,0,1997,28,Obolon
 UA224223,household,single,0,1999,27,Sviatoshyn
00UA227686,household,single,0,2013,12,Podil
UA227859,household,dual_zone,0,2015,11,Darnytsia
UA228399,household,single,0,2017,9,Obolon
UA229385 ,household,dual_zone,1,2021,5,Solomianka 
UA229874,household,single,0,1990,35,Solomianka
UA231746,household,dual_zone,0,1991,35,Solomianka
UA232768,small_business,single,0,2013,12,SOLOMIANKA
UA236789,household,single,0,2006,19,Podil
UA237314,household,single,0,2000,25,Obolon
UA238667,small_business,single,0,1988,38,Darnytsia
UA240804,household,single,0,2021,5,Podil
UA241235,household,single,0,2004,21,Darnytsia
UA242503,household,dual_zone,1,1996,30,Solomianka
UA243344,household,dual_zone,0,2000,26,Podil
UA243835,household,single,0,1986,39,Solomianka
UA244041,household,dual_zone,1,2004,21,Podil
UA244497,small_business,single,0,1997,28,Sviatoshyn
UA248163,household,single,0,2018,8,Solomianka
UA248323,industrial,single,0,2001,24,Solomianka 
UA249438,household,single,0,2001,25,Obolon
UA250071,household,dual_zone,1,2015,11,Podil
UA252116,household,dual_zone,1,1998,28,Obolon
UA253059,household,single,0,2020,6,Obolon
UA253548,small_business,dual_zone,1,2000,26,Darnytsia
UA253786,household,dual_zone,1,1989,36,Podil
UA261347,household,single,0,1987,39,Podil
UA262023,small_business,single,1,1999,27,Darnytsia
UA268238,small_business,dual_zone,0,2011,14,Podil
UA269104,household,dual_zone,0,2014,11,Solomianka
UA273718,household,single,0,1990,36,Darnytsia
UA274607,industrial,dual_zone,0,2010,16,Solomianka
UA276812,small_business,single,0,1985,41,Darnytsia
UA277097,industrial,single,0,2013,13,Solomianka
UA277505,industrial,single,0,1995,30,Sviatoshyn
UA278829,industrial,single,0,1997,29,Solomianka
UA279111,small_business,single,0,1990,35,Podil
UA279605,household,single,0,1987,39,Darnytsia
UA279965,household,single,0,2003,23,Podil
UA281396,household,single,1,1998,28,Solomianka
UA281502,household,dual_zone,1,2008,18,Podil
UA281548,household,dual_zone,1,1989,36,Obolon 
UA282971,household,dual_zone,0,2022,3,Solomianka
UA283347,household,single,0,1985,41,Solomianka
UA285440,small_business,single,0,2011,15,Solomianka
UA286557,household,dual_zone,0,2022,4,Sviatoshyn
UA287674,household,dual_zone,0,2003,22,Obolon
UA288415,household,dual_zone,1,1995,31,Darnytsia
UA291668,household,dual_zone,0,2003,22,Obolon
UA292986,household,single,0,1986,40,Obolon
UA293179,small_business,dual_zone,0,1988,37,Solomianka
UA296294,household,single,1,2013,12,Solomianka
UA297132,household,single,0,2024,1,Darnytsia
UA299209,small_business,dual_zone,0,2001,25,Sviatoshyn
UA303966,household,single,0,2001,25,Podil
UA307771,household,single,0,2015,11,Solomianka
UA308455,household,single,0,1990,36,Obolon
UA308598,small_business,single,0,2005,20,Solomianka
UA309377,household,dual_zone,1,1995,31,Darnytsia
UA311656,household,single,0,1985,40,Obolon
UA312369,household,dual_zone,1,1999,27,Solomianka
00UA313078,household,dual_zone,1,1988,37,Podil
UA313295,household,single,0,2024,1,Podil
UA313412,household,single,0,2002,23,Podil
UA314033,small_business,single,0,2011,15,Sviatoshyn
UA314398,small_business,single,0,2019,7,Sviatoshyn
UA315822,small_business,single,0,2007,19,Obolon 
UA318384,household,single,0,2019,7,Podil
UA319073,industrial,single,0,2022,4,Darnytsia
UA319654,household,single,0,1998,28,Solomianka
UA320568,household,dual_zone,0,2006,19,Podil 
UA323197,household,single,0,2013,13,Podil
UA323378,household,dual_zone,1,2018,7,Darnytsia 
UA323855,household,dual_zone,0,2016,10,Podil
UA325178,small_business,single,0,2011,15,Solomianka
UA326850,industrial,single,0,2021,4,Podil
UA330974,household,single,0,2016,10,Darnytsia
UA332228,small_business,single,0,2011,14,Obolon
UA332230,household,single,0,1999,27,Solomianka 
UA333068,small_business,single,0,1985,40,Podil
UA334930,small_business,single,0,2023,3,Darnytsia
UA335189,industrial,single,0,2014,12,Solomianka
UA336111,household,dual_zone,0,2010,16,Sviatoshyn
UA336366,household,single,0,2012,14,Solomianka
UA336815,household,dual_zone,1,2008,17,Obolon
UA337998,small_business,dual_zone,0,2019,7,Sviatoshyn
UA340146 ,household,single,0,2012,13,Solomianka
UA341362,small_business,dual_zone,1,2009,16,solomianka
UA343679,industrial,single,0,1994,32,Podil
UA344527,household,dual_zone,1,2024,2,Solomianka
UA344846,household,single,0,2001,24,Obolon 
UA345116,household,single,0,1994,32,Obolon
UA345308,household,dual_zone,0,2023,2,Obolon
UA345510,household,dual_zone,1,2005,20,Darnytsia
UA347589,small_business,single,0,2022,4,Podil 
UA348055,household,single,0,1991,34,Podil
UA351023,household,single,0,1993,32,Podil
UA352824,household,single,0,2004,22,Darnytsia
UA352853,household,single,0,2010,15,Darnytsia
UA353365,small_business,single,1,2011,15,Solomianka
UA354335,household,single,0,1995,31,Sviatoshyn
UA354388,household,single,0,1989,37,Darnytsia
UA363184,small_business,single,0,1993,33,Solomianka
 UA363451,household,dual_zone,0,1992,34,Darnytsia
UA366765,household,dual_zone,0,1995,30,Solomianka
UA367105,household,dual_zone,1,2003,22,Obolon
UA368262,small_business,single,0,1999,27,Solomianka
00UA369244,household,single,0,2022,4,Podil
UA371207,household,single,0,2024,1,Podil
UA373655,household,single,0,2009,16,Darnytsia
UA373858,small_business,single,0,2015,10,Obolon
UA373998,small_business,dual_zone,0,1987,39,Sviatoshyn
UA374241,household,dual_zone,0,2007,19,Podil
UA378915 ,small_business,single,0,2019,6,Darnytsia
UA381871,small_business,single,0,1988,38,Obolon
00UA383508,household,single,0,2015,11,Darnytsia
UA386235,household,single,0,2022,4,Darnytsia
UA387001,small_business,single,0,1995,31,Solomianka
UA388515,household,dual_zone,1,2014,11,Sviatoshyn
UA390366,household,dual_zone,0,2024,2,Darnytsia
UA391415,small_business,dual_zone,0,1999,26,Darnytsia
UA392213,household,single,0,2001,24,Podil
UA395626,small_business,single,0,1994,31,Sviatoshyn
UA395768,household,single,0,2006,20,Podil
UA395772,household,single,0,1992,33,DARNYTSIA
UA396823,household,single,0,2024,2,Podil
UA398493,industrial,single,0,1988,38,PODIL
UA399777 ,industrial,dual_zone,0,1995,31,Sviatoshyn
UA400063,household,single,1,2019,6,Obolon
UA401082,household,dual_zone,1,2018,8,Podil
UA404093,household,single,1,2004,21,Solomianka
UA404106,household,single,0,1987,38,Obolon
 UA404845,household,dual_zone,0,2005,20,Podil
UA407222,household,single,0,1986,40,Darnytsia
UA407837,industrial,single,0,2019,7,Solomianka
UA409107,household,dual_zone,1,1985,40,Darnytsia
UA409647,small_business,single,0,1994,31,Darnytsia
UA413224,household,dual_zone,1,2020,6,Solomianka
UA415007,household,single,0,2020,5,Podil
00UA416982,household,dual_zone,1,2023,3,Sviatoshyn
UA417955,household,single,0,2008,18,Darnytsia 
UA418486 ,household,dual_zone,0,1991,34,Sviatoshyn
UA418802,small_business,single,0,2002,24,Sviatoshyn
UA420741,small_business,single,0,1994,31,Podil
UA420795,household,dual_zone,1,1991,35,Solomianka
UA422865,household,dual_zone,1,2000,26,Solomianka
UA423287,household,dual_zone,0,1988,38,Obolon
UA423408,household,single,0,1987,38,Solomianka
UA423473,household,single,0,1985,41,Darnytsia
UA425026,household,single,0,1993,32,Darnytsia
UA425190,household,single,0,1991,35,PODIL
UA425676,household,single,0,1993,32,Sviatoshyn
UA426561,household,single,0,2001,24,Obolon
UA426905,household,dual_zone,1,1989,37,Darnytsia
UA427663,industrial,dual_zone,0,2000,26,Darnytsia
UA427679,industrial,single,0,2008,18,Obolon
UA427736,household,single,0,2024,2,Podil
UA428496,household,single,0,2011,14,obolon
UA429099,household,single,0,2015,10,Podil
UA430104,household,single,0,1990,35,Darnytsia
UA432145,household,single,0,1995,30,Podil
UA432607,household,single,0,2005,20,Podil
UA434045,household,single,1,2022,3,Solomianka 
UA436803,household,single,1,1990,35,Podil
UA439191,household,single,0,1996,29,Darnytsia
UA439716,household,single,0,1990,35,Sviatoshyn
UA440003,household,single,0,1993,33,Podil
UA442686,household,dual_zone,0,2008,17,Sviatoshyn
UA442949,household,single,0,2000,26,Sviatoshyn
UA444059,household,dual_zone,0,1997,29,Solomianka
UA447297,household,single,0,1987,38,Sviatoshyn
UA447853,household,single,0,1998,27,Sviatoshyn
UA447920,household,single,0,2013,13,Darnytsia
UA449661,household,single,0,1998,27,Sviatoshyn
UA453446,small_business,single,0,2012,14,Podil
UA453459,small_business,single,0,2000,25,Sviatoshyn
UA453853,household,single,0,1988,38,Sviatoshyn
UA455181,small_business,single,1,1998,27,sviatoshyn
UA455313,household,single,0,1993,32,Darnytsia
UA459218,household,single,0,2004,21,Obolon
UA460406,industrial,dual_zone,0,2007,19,Sviatoshyn
UA460543 ,household,single,0,2008,17,Podil
UA461382,household,dual_zone,0,2017,9,Sviatoshyn
UA462873,household,single,0,1987,39,Darnytsia
UA463540,small_business,single,0,2007,18,Podil
UA464151,small_business,single,0,1994,31,Darnytsia
UA466255,household,dual_zone,0,2023,2,Obolon
UA469834 ,industrial,single,1,2004,21,Podil
UA470780,household,single,1,2004,22,PODIL
UA470829,industrial,single,0,2023,3,Sviatoshyn
UA470933,household,single,0,2024,2,Obolon
UA474050,household,dual_zone,0,1991,35,Obolon
UA477586,household,single,0,2018,8,Solomianka
UA477880,household,single,0,2002,23,Podil
UA477938,household,dual_zone,1,1991,34,Obolon
UA478170,household,dual_zone,1,2005,21,Sviatoshyn
UA478303,household,single,0,2011,15,Darnytsia
UA478439,household,single,0,1990,36,Podil
UA479245,industrial,single,0,2001,25,Darnytsia
UA479507,household,dual_zone,1,1986,39,Podil
UA480137,industrial,single,0,2020,6,Podil
UA483178,household,dual_zone,1,1995,30,Obolon
UA485251,small_business,single,0,1995,30,Podil
UA485444,household,single,0,1991,35,Sviatoshyn
UA485589,household,single,0,2019,7,Solomianka
UA486087,small_business,single,0,2001,25,Obolon 
UA486878,household,dual_zone,0,2024,2,podil
UA487099,household,single,0,2011,15,Solomianka
UA487493,household,single,0,2023,3,solomianka
UA487743,small_business,single,0,1998,28,Solomianka
UA489269,household,single,0,1993,32,Podil
00UA490024,industrial,dual_zone,1,2015,11,Obolon
UA490275,small_business,single,1,1990,36,Podil
UA490986,household,single,0,1999,27,Podil
00UA491531,household,single,1,2014,12,Obolon
UA491906,small_business,single,0,2002,24,PODIL
UA492187,household,single,0,1999,27,Darnytsia
UA492796,household,single,0,2002,24,Obolon
 UA493099,household,dual_zone,0,1989,37,darnytsia
UA493616,small_business,single,0,2003,23,Obolon
UA493817,household,single,0,2020,5,Darnytsia
UA494467,household,dual_zone,1,1986,40,Podil
UA494917,household,single,0,1989,37,Darnytsia
UA495125,household,dual_zone,1,1992,34,Solomianka
UA495147,industrial,single,0,2021,4,Podil
UA498062,household,single,0,1986,39,Solomianka
UA498385 ,household,single,0,2013,13,Solomianka
UA498516,household,dual_zone,1,2007,19,Obolon
UA502250,household,single,0,1993,33,PODIL
UA502601,industrial,single,0,2015,11,Podil
UA502728,household,dual_zone,1,1999,26,Podil
00UA502992,household,dual_zone,0,1999,26,Obolon
UA503594,household,single,0,2013,12,Solomianka
UA504869,household,single,0,2004,22,darnytsia
UA505215,household,dual_zone,1,1987,39,Solomianka
UA506039,household,single,0,1996,29,Darnytsia
UA509978,household,dual_zone,1,1995,30,Podil
UA510209,household,single,0,2016,9,Darnytsia
UA511553,household,dual_zone,0,2009,16,podil
UA514301,household,single,0,2013,13,Obolon
UA517690,household,single,0,2023,3,Solomianka
UA521433,household,dual_zone,0,2021,4,Obolon
UA521559,industrial,single,0,1994,32,Podil
UA522288,household,dual_zone,0,2011,15,Darnytsia
UA523189,household,single,0,1995,30,Obolon
UA523527,household,single,1,1985,41,Sviatoshyn
UA524087,household,dual_zone,0,2019,7,Darnytsia
UA527529,household,dual_zone,0,2020,6,Darnytsia
UA530251 ,household,single,0,1990,35,Sviatoshyn
UA530407,household,dual_zone,1,1999,27,Sviatoshyn
UA531940,household,single,0,2014,12,Podil
UA533156,household,dual_zone,1,2001,25,Obolon
UA535844,household,single,0,2008,18,Podil
 UA537015,small_business,single,0,2000,26,Podil
UA538637,small_business,single,0,1993,33,Solomianka
UA542238 ,household,dual_zone,1,1992,33,Solomianka
UA543215,household,single,1,1993,32,Sviatoshyn
UA545155 ,household,single,0,1995,30,Sviatoshyn
UA546350,small_business,single,0,1989,37,Darnytsia
UA547798,household,dual_zone,0,2011,15,Darnytsia
UA547853,household,dual_zone,0,2011,14,Darnytsia
UA549030,household,dual_zone,1,2018,8,Darnytsia
UA549363,household,single,0,2023,3,Solomianka
UA551510,household,dual_zone,1,2012,13,Darnytsia
UA557041,industrial,dual_zone,0,2021,5,Solomianka
UA559711,household,single,0,2006,19,Darnytsia
UA560310,household,single,0,2009,17,Obolon
UA561133,industrial,single,0,2004,21,Obolon
UA561254,household,dual_zone,1,2004,22,Solomianka
UA561781,household,single,0,2019,6,Darnytsia 
UA561975,small_business,single,0,2009,16,Solomianka
UA562896,household,single,0,2018,7,Podil
UA562901,household,single,0,1996,29,Podil
UA563373,small_business,single,0,2002,24,Obolon
00UA563824,household,single,0,2019,6,PODIL
UA563867,small_business,single,0,1985,41,Podil 
00UA564310,small_business,single,0,2018,7,Obolon
UA565024,small_business,dual_zone,0,2021,5,Obolon
UA565251,household,single,0,2010,16,Podil
UA565912,household,dual_zone,1,2007,18,Obolon
UA570238,small_business,single,0,2006,19,Solomianka
UA573249,household,single,0,1985,40,Sviatoshyn
UA573440,household,dual_zone,0,2003,22,Podil
UA575617,household,dual_zone,0,2014,12,Podil
UA575691,industrial,dual_zone,0,2023,3,Darnytsia
UA576400,household,dual_zone,0,2005,20,Solomianka
UA576628,household,dual_zone,0,2008,18,Podil
UA578523,household,dual_zone,1,1990,35,Obolon
UA581105,industrial,dual_zone,0,2005,20,Darnytsia
UA582694,industrial,single,0,2022,3,podil
UA583456,household,single,0,1993,33,Solomianka
UA584108,household,single,0,1997,28,Sviatoshyn
UA586128,household,single,0,2013,13,Darnytsia
UA586993,small_business,single,0,2022,4,Podil
UA587526,small_business,dual_zone,0,2000,26,Sviatoshyn
UA587996,household,single,0,2005,21,Obolon
UA588454,small_business,single,0,1993,32,Obolon
UA589339,household,single,1,2001,25,Podil
UA589989,industrial,dual_zone,0,2003,22,Darnytsia
UA590864,industrial,single,0,2010,15,Podil
UA592687,industrial,single,0,2011,14,Sviatoshyn
UA592856,household,single,0,2006,19,Darnytsia
UA593203,household,single,0,2007,18,Sviatoshyn
UA596669,small_business,single,0,1991,34,Podil
 UA599700,household,single,0,1985,41,Darnytsia
UA599961,household,single,0,2001,24,Solomianka
UA601082,industrial,single,0,1989,37,Podil
UA601156,household,dual_zone,0,1998,28,Sviatoshyn
UA601300,household,dual_zone,0,2010,16,Podil
UA602086,small_business,single,0,1997,29,Podil
UA603166,household,single,0,2024,1,Solomianka
UA603378,household,dual_zone,1,2008,18,Darnytsia
UA603636,small_business,single,0,2014,12,DARNYTSIA
UA604350,industrial,single,0,1989,37,Podil
UA604374,household,dual_zone,1,2019,6,Obolon
UA604705,small_business,single,0,1990,35,Darnytsia
 UA606124,small_business,single,0,2015,10,Podil
UA607635,household,dual_zone,1,2017,9,Sviatoshyn
UA608215,household,single,1,1985,40,Podil
UA608759 ,household,single,0,2022,3,Darnytsia
 UA608894,household,single,0,1995,30,Solomianka
UA609316,household,dual_zone,1,2020,5,Darnytsia 
00UA609781,household,dual_zone,1,2001,24,Darnytsia
UA610894,industrial,single,0,1996,29,Darnytsia
UA612622,industrial,single,0,1986,40,Solomianka
UA616645,household,single,0,1998,28,Obolon
UA617088,household,single,0,1998,28,Solomianka
UA617203,household,single,0,2007,18,Solomianka
UA617267,household,single,0,2018,8,Obolon
UA617589,household,dual_zone,0,1992,33,Sviatoshyn
UA618777,household,single,0,2007,18,sviatoshyn
 UA618977,industrial,single,0,2000,26,Sviatoshyn
UA620279,household,dual_zone,1,2014,11,OBOLON
UA620524,household,dual_zone,0,2001,24,Darnytsia
UA621354,household,single,1,2002,24,Podil
UA621884,household,single,0,2021,5,Sviatoshyn
UA622506,household,dual_zone,0,2016,9,Solomianka
UA625439,household,single,0,2021,4,Podil
UA627566,household,single,0,2024,1,Podil
UA631446,household,single,0,1991,35,Obolon
UA632444,small_business,dual_zone,1,2010,16,Sviatoshyn
UA632737,industrial,single,0,2008,18,Obolon
UA633571,industrial,single,0,2010,16,DARNYTSIA
UA637280,household,single,0,2005,21,Darnytsia
UA637556,household,dual_zone,1,2023,2,Podil
UA638005,household,single,0,2018,8,Darnytsia
UA638017,household,single,0,1988,38,Solomianka
UA642620,household,dual_zone,1,1988,37,Solomianka
 UA643828,small_business,single,0,2010,15,Sviatoshyn
UA644013,household,single,0,2022,4,Sviatoshyn
UA644319,household,dual_zone,0,2023,2,Podil
00UA644478,household,dual_zone,1,2024,2,SVIATOSHYN
00UA644805,household,single,0,2018,7,Podil
UA644934,small_business,single,0,1994,32,SVIATOSHYN
UA645057,household,single,0,2023,3,Obolon
UA645664,household,dual_zone,1,1986,40,Solomianka
UA645795,small_business,single,0,1985,41,Solomianka
UA645999,household,single,0,2001,25,SVIATOSHYN
UA647032,small_business,single,0,1987,39,Darnytsia
UA647096,household,single,1,1988,38,Solomianka
UA648951,household,single,0,2020,6,Obolon
UA651136,small_business,single,0,1998,28,Podil
UA653749,small_business,single,0,2019,7,Podil
UA656160,household,single,0,2018,8,Podil
UA656573,small_business,single,0,2002,23,Darnytsia
UA657445,household,single,0,1986,39,Podil 
UA657545,household,single,1,2019,6,Podil
UA658001 ,household,dual_zone,0,2011,15,Sviatoshyn
UA659014,household,dual_zone,0,2014,12,Darnytsia
UA664652,household,single,0,2002,23,Sviatoshyn
UA666280,small_business,dual_zone,0,2014,12,Darnytsia
 UA667638,small_business,single,0,1985,41,Darnytsia
00UA668875,household,single,0,1996,30,Obolon
UA670485,small_business,dual_zone,0,2010,16,Sviatoshyn
UA671726,small_business,dual_zone,0,2013,12,Sviatoshyn
UA672755,household,single,0,2020,6,Solomianka
UA673955,household,single,0,2001,24,Sviatoshyn
UA674334,household,dual_zone,1,1988,37,Sviatoshyn
 UA674995,household,single,0,2012,13,Podil
UA676934,small_business,single,0,1986,39,Podil
UA677416 ,industrial,single,0,1995,30,Sviatoshyn
UA678471,household,single,0,2017,9,Sviatoshyn
UA678772,household,single,0,1985,40,Solomianka
UA680616,household,single,0,2020,6,Solomianka
UA681009,household,single,0,1987,39,Obolon
UA682847,household,single,0,1998,28,Solomianka
UA684144,household,single,1,2019,6,Obolon
UA684237,household,dual_zone,0,1988,37,Obolon
UA684733,household,single,0,2010,15,Darnytsia
UA685872,household,dual_zone,1,1990,36,Solomianka
UA687122,household,single,0,1996,30,Podil
UA690024,household,single,0,1997,28,Obolon
UA692601,small_business,single,0,1995,31,Solomianka
UA693551,small_business,dual_zone,0,2024,2,Solomianka
UA693631 ,small_business,dual_zone,0,2002,23,Darnytsia
UA693982 ,small_business,dual_zone,0,2015,10,Darnytsia
UA699100,household,single,0,1987,39,Darnytsia
UA700799 ,small_business,single,0,1997,28,Sviatoshyn
UA700908,small_business,single,0,2018,7,Podil
UA701396,household,single,0,2007,19,Obolon
UA702002,small_business,dual_zone,0,1990,35,Sviatoshyn 
UA702795 ,household,single,0,1991,34,Sviatoshyn
UA703600,household,dual_zone,1,2013,12,Sviatoshyn
UA703806,household,dual_zone,1,1991,35,Podil
UA703968,household,dual_zone,0,2015,10,Solomianka
UA704293,household,single,0,2017,8,Darnytsia
UA705144,household,dual_zone,1,2012,13,Solomianka
 UA706224,household,single,0,1997,28,Solomianka
UA706483,household,single,0,2022,3,Sviatoshyn
UA706575,household,single,0,1995,31,Sviatoshyn
UA707119,household,single,0,2009,17,Darnytsia
UA707390,household,single,1,2023,2,Sviatoshyn
UA711335,household,single,0,1994,32,Sviatoshyn
UA711566,small_business,single,0,2020,5,Podil
UA712128,industrial,single,0,2020,5,Obolon
UA713110,household,dual_zone,1,1991,35,Obolon
UA715734,household,single,1,2005,21,Darnytsia
UA716404,household,single,0,2016,10,Podil
UA716884,household,single,0,2016,10,Podil
 UA717624,household,dual_zone,1,2018,8,Darnytsia
UA717641,small_business,single,0,2011,15,solomianka
UA718633,household,single,0,2022,4,Sviatoshyn
UA718795,household,single,0,2022,4,Podil
 UA720429,household,single,0,1996,30,Obolon
UA720720,household,dual_zone,0,2012,13,Obolon
UA721263,small_business,single,0,2016,9,Podil
UA722395,household,dual_zone,0,2012,14,Podil
UA722943,small_business,single,0,1987,38,Podil
UA723012,small_business,single,0,1989,36,Obolon
00UA724380,household,single,0,2014,11,Darnytsia
UA724595 ,household,single,0,2002,24,Podil
UA724709,household,dual_zone,0,1989,37,Sviatoshyn
UA724768,household,single,0,2010,16,Obolon
UA724784,small_business,dual_zone,1,2006,19,Darnytsia
UA724990,household,single,1,1997,28,SOLOMIANKA
 UA725601,household,dual_zone,1,2001,24,Podil
UA727926,small_business,single,0,1990,35,Podil
UA728369,household,single,0,2017,9,Sviatoshyn
UA728795,household,single,0,1990,36,Sviatoshyn
UA729668,household,single,0,2011,15,Solomianka
UA729968,small_business,single,0,1989,37,Podil
UA731018 ,small_business,single,0,2000,25,Darnytsia
UA733777,small_business,single,0,2012,14,Obolon
UA734948,small_business,single,0,1995,30,Obolon
UA735764 ,household,dual_zone,1,2012,14,Darnytsia
UA736102,industrial,single,0,2015,11,Solomianka
UA737662,industrial,single,0,1997,29,Solomianka
UA738585 ,household,single,0,2016,9,SOLOMIANKA
UA739029,industrial,single,0,1989,37,Solomianka
UA739331,household,dual_zone,1,1998,28,Solomianka
UA740527,household,dual_zone,1,2017,8,PODIL
UA740949,small_business,single,1,1987,39,Solomianka
UA741740,small_business,single,0,2017,9,Sviatoshyn
UA743881 ,household,dual_zone,0,1989,36,Darnytsia
UA743897,household,single,0,1993,32,Podil
UA745242,household,dual_zone,0,2010,16,Podil
UA745430,household,dual_zone,0,2017,8,Sviatoshyn
UA745453,household,single,0,2015,10,Darnytsia
UA745513,household,single,0,1998,28,Solomianka
UA746775,household,single,0,1996,29,Obolon
UA747788,industrial,single,0,2007,19,Obolon
UA748046,household,single,0,1994,31,Sviatoshyn
00UA748209,household,single,0,2023,2,Solomianka
UA749171,small_business,single,0,2003,23,Podil
00UA750096,household,single,0,2023,2,Obolon
UA750118,industrial,single,0,1997,28,Solomianka
UA751047,industrial,single,0,2000,26,Podil
UA751891,industrial,dual_zone,0,2016,10,Solomianka
UA752176,household,single,0,2006,19,Darnytsia
00UA752268,household,single,0,2013,13,Sviatoshyn
 UA753145,small_business,single,0,1994,31,Darnytsia
UA753237,household,dual_zone,0,2024,1,Obolon
UA753766,household,single,0,1993,32,Sviatoshyn
UA755141,household,single,0,2019,7,Solomianka
UA757282,industrial,single,0,2020,6,Darnytsia
UA759411,small_business,single,0,2006,20,Sviatoshyn
UA760527,household,dual_zone,1,2009,17,Sviatoshyn
UA760535,household,single,0,2021,5,Sviatoshyn
00UA761024,household,single,0,2008,18,Darnytsia
UA761036,household,dual_zone,1,2010,16,Podil
00UA761608,small_business,single,0,1997,28,Obolon
UA761961,household,dual_zone,1,2018,8,Sviatoshyn
UA762574,industrial,single,0,2009,17,Podil
UA765035,household,single,0,1985,41,SOLOMIANKA
UA765104,household,dual_zone,1,1994,31,Sviatoshyn
UA765861,household,single,0,2000,26,Podil
UA766745,small_business,single,0,1992,34,Sviatoshyn
UA767208,household,single,0,2012,13,Podil
UA768308,household,single,0,1985,40,Solomianka
UA768612,household,dual_zone,0,1990,36,Solomianka 
UA768926,industrial,single,0,2003,23,PODIL
00UA773145,small_business,single,0,1991,34,Obolon
UA773575,household,single,0,1998,27,Obolon
UA774326,household,single,0,2009,16,Podil
UA774415,household,single,0,1987,38,Darnytsia
UA776020,household,single,1,1994,32,Podil
UA776971,small_business,dual_zone,0,1995,30,Sviatoshyn
UA777224,household,single,0,2000,25,Sviatoshyn
UA778055,small_business,single,0,2001,25,Darnytsia
UA778599,household,dual_zone,0,2011,14,Darnytsia
UA779921,household,dual_zone,1,1997,29,Obolon
UA780772,household,dual_zone,0,2021,5,Podil
UA782450,small_business,single,0,1989,37,Solomianka
00UA783042,household,single,0,2006,19,Darnytsia
UA783812,small_business,single,1,2023,2,Sviatoshyn
UA785746,household,dual_zone,1,1986,40,Darnytsia
UA786145,household,dual_zone,0,2003,22,SVIATOSHYN
UA786334,household,single,0,2012,14,Solomianka
UA786395,small_business,single,0,2002,23,Podil
UA788457,household,single,0,2021,5,Darnytsia
UA791079,household,single,0,2013,13,Solomianka
UA791153,industrial,single,0,2012,13,Obolon
UA792305,small_business,dual_zone,1,2000,25,Darnytsia
UA793308,small_business,single,0,2016,9,Sviatoshyn
UA793404,household,dual_zone,1,2010,16,Podil
UA794393,small_business,dual_zone,0,2023,3,Solomianka
UA794657,household,single,0,1989,37,Solomianka
UA795428,small_business,single,0,2003,23,Obolon 
UA795478,household,single,0,2005,20,OBOLON
UA795966,household,single,0,2008,18,Darnytsia
UA796061,industrial,dual_zone,0,1999,27,Obolon 
UA798622,small_business,dual_zone,1,1997,29,Sviatoshyn
00UA799631,household,single,0,1989,36,Solomianka
UA800050,household,single,0,2018,8,DARNYTSIA
UA805674,household,dual_zone,1,1987,39,Podil
UA806800,household,single,0,1994,32,Darnytsia
UA807851,small_business,single,0,2006,19,Solomianka
UA808140,household,single,0,2020,5,Solomianka
UA808209,small_business,dual_zone,0,1992,34,Darnytsia
 UA808496,household,dual_zone,0,1997,28,Sviatoshyn
 UA811396,household,dual_zone,1,1985,40,Sviatoshyn
UA812000,household,dual_zone,1,1999,27,Solomianka
UA814493,industrial,single,0,2009,17,Darnytsia
UA816723,household,single,0,2018,8,Sviatoshyn
UA818066,household,dual_zone,0,2024,2,Podil
UA819210,household,single,0,1995,30,Darnytsia
UA819908,small_business,dual_zone,0,1992,33,Solomianka
 UA822906,industrial,single,0,1987,39,Solomianka
UA823082,industrial,single,0,1990,36,Darnytsia
UA824409,small_business,dual_zone,1,2015,11,Solomianka
UA826824,small_business,dual_zone,1,2009,17,Podil
UA826966,household,single,0,2019,6,Solomianka
UA827995,household,single,0,1996,30,Darnytsia
UA828564,small_business,single,0,1999,27,SVIATOSHYN
 UA830283,small_business,single,1,1999,27,Solomianka
UA831128,household,single,0,1999,27,Sviatoshyn
UA831709,industrial,single,0,2023,3,Solomianka
UA833147 ,small_business,single,0,1990,36,Podil
UA835430 ,household,dual_zone,1,2021,4,Obolon
UA838925,household,single,0,1986,40,Obolon
UA841220,household,single,0,1996,29,Darnytsia
UA844597,industrial,single,0,2021,4,Obolon
UA845660,household,single,0,2013,12,Podil
UA846141,household,single,0,2020,6,Podil
UA848222,household,dual_zone,0,2016,9,Darnytsia
UA848760,household,dual_zone,1,2020,5,Solomianka 
UA848818,household,single,0,2023,3,Podil
UA848854,household,dual_zone,0,1992,33,Obolon
UA851826,small_business,single,0,1997,29,darnytsia
UA852243,household,single,1,1999,26,Podil
 UA852519,household,dual_zone,0,1991,34,Obolon
UA853614,household,single,0,2024,2,Obolon
UA856895,industrial,single,0,1987,38,Sviatoshyn
UA856930,small_business,single,0,1985,40,Solomianka
 UA859546,small_business,single,0,2011,15,Obolon
UA859989,household,dual_zone,0,2004,22,Obolon 
UA861358,household,single,1,2009,17,Solomianka
UA862186,household,dual_zone,1,2006,20,Obolon
UA863620,small_business,single,0,2024,2,Podil
UA864805,small_business,single,0,2016,9,Solomianka
00UA865019,industrial,single,0,2024,2,Solomianka 
UA865555,household,dual_zone,0,1990,36,Sviatoshyn
UA866327,household,dual_zone,0,2018,8,Sviatoshyn
UA867836,industrial,single,0,1985,40,obolon
UA869251,household,dual_zone,0,1996,29,Obolon
UA870267,household,dual_zone,0,2017,8,Podil
UA872063,household,single,0,1999,26,Solomianka
UA872170,small_business,dual_zone,1,1986,40,Sviatoshyn
UA873437,household,single,0,1990,35,Sviatoshyn
UA874479,household,single,0,2020,6,Solomianka
UA874919,household,single,1,2019,7,Solomianka
UA876085,small_business,dual_zone,0,1996,30,Darnytsia
UA876172,household,single,1,2008,18,Darnytsia
UA879835,small_business,single,0,2020,5,Darnytsia
UA880807,household,single,0,2021,5,Podil
UA881952,household,single,0,2021,5,Obolon
UA884290,household,dual_zone,1,2004,22,Podil
UA884583,small_business,single,0,1996,30,Solomianka
UA886193,household,dual_zone,1,1992,34,Darnytsia
UA886709,small_business,single,0,1986,39,Sviatoshyn
UA887755,household,dual_zone,0,2004,22,Solomianka
UA889778,small_business,single,0,2019,6,Solomianka
UA890167,household,single,1,2006,19,Podil
UA890424,household,dual_zone,1,1993,32,Darnytsia
UA892440,household,single,0,1994,32,Obolon
UA892577,household,dual_zone,0,1992,33,Darnytsia
UA892707,small_business,single,0,2003,23,Darnytsia
UA893346,household,single,0,1993,32,Solomianka
 UA893836,small_business,single,0,2013,12,Solomianka
UA895034,household,dual_zone,0,1991,35,Solomianka
UA895746,household,single,0,2004,22,Obolon
UA895776,household,single,0,2012,14,Podil
UA895863,household,dual_zone,0,2019,7,Obolon
UA896028,small_business,single,0,2015,10,Solomianka
 UA898045,household,dual_zone,0,2003,22,Sviatoshyn
UA898452,household,dual_zone,1,2017,9,Podil 
UA898983,household,single,0,2016,9,Darnytsia
UA902122,household,single,0,1990,35,Obolon
UA903834,small_business,dual_zone,1,1991,34,Obolon
UA904324 ,household,single,0,2003,22,Darnytsia
UA904369,small_business,dual_zone,1,2009,17,DARNYTSIA
UA906102,household,dual_zone,1,1987,39,Solomianka
 UA909502,household,dual_zone,0,1988,37,Solomianka 
UA909556,household,dual_zone,0,2016,10,Sviatoshyn
UA911841,household,single,0,2004,22,Solomianka
 UA911904,small_business,single,0,2021,4,Darnytsia
UA912663,household,single,0,2013,12,Podil
UA913837,small_business,single,0,1996,29,Darnytsia
UA914649 ,household,single,0,2001,24,Podil
UA917358,household,dual_zone,1,1993,32,Darnytsia
UA917595,household,single,0,2015,10,Solomianka
UA918231,small_business,single,0,2014,11,Podil
UA924031,household,dual_zone,1,2009,17,Podil
UA924470,household,dual_zone,0,2012,13,Darnytsia
UA925660,household,single,1,2021,5,Darnytsia
UA925725,household,dual_zone,0,2000,25,Podil
UA928016,household,dual_zone,0,2007,18,Sviatoshyn
UA929972,household,dual_zone,1,2010,15,Obolon 
UA931431,small_business,single,0,2000,26,Darnytsia
UA932524,industrial,single,0,2023,2,Obolon
00UA932940,household,dual_zone,1,2008,18,Obolon
UA932987,household,single,0,2007,18,Sviatoshyn
UA935342,small_business,dual_zone,1,2016,10,Sviatoshyn
UA937841,household,dual_zone,0,2016,9,Podil
UA939248,household,single,0,2011,14,Podil
UA940167,industrial,single,0,1985,41,Solomianka
 UA940746,household,single,0,1989,37,Solomianka
UA940767,industrial,dual_zone,1,2023,2,Podil
UA944340,small_business,single,0,2008,18,Darnytsia
UA944372,small_business,single,0,2017,8,Obolon
UA945361,household,dual_zone,0,2015,11,Sviatoshyn
UA946763,small_business,single,0,1985,41,obolon
UA950774,household,dual_zone,0,2004,21,Sviatoshyn
UA951261,industrial,single,0,2018,8,SVIATOSHYN
 UA954156,small_business,single,0,2021,4,Sviatoshyn
UA954486,small_business,single,0,2016,9,Obolon
UA955785 ,household,single,0,2020,5,SVIATOSHYN
UA956336,household,dual_zone,1,2004,22,Solomianka 
UA956992,small_business,single,0,2021,5,Podil
 UA960641,household,dual_zone,1,2014,12,Darnytsia
UA960754,household,dual_zone,1,2010,15,Obolon
UA960783,household,single,0,2022,3,SOLOMIANKA
UA961115,small_business,single,0,2012,13,Podil
UA961179,small_business,single,0,1998,28,Darnytsia
UA961570,household,dual_zone,1,2019,6,Podil
UA962383,industrial,single,0,1985,41,Solomianka
UA963128,industrial,single,0,1994,32,Obolon
UA963384,small_business,single,0,1996,30,Darnytsia
UA964222 ,household,dual_zone,1,2021,5,obolon
UA964267,industrial,single,0,1997,29,Podil
UA967532,household,single,0,2013,13,Solomianka
UA969882,household,dual_zone,1,2000,26,Podil
 UA970280,small_business,dual_zone,1,2004,21,Sviatoshyn
UA974198,industrial,single,0,2014,12,Solomianka
UA975914,household,single,0,1986,40,Podil
UA977415,industrial,single,0,1995,30,Podil
UA978646,small_business,single,0,2017,8,Podil
UA979698,household,single,0,1999,27,Darnytsia
UA981363,household,single,0,1988,38,Obolon
UA981688,household,single,0,2010,16,Obolon
UA982571,household,single,1,1987,38,Darnytsia
UA984964,household,dual_zone,0,2023,2,Solomianka
UA986333,household,single,0,1999,27,Podil
UA986733,household,single,0,1996,29,Podil
UA987180,small_business,single,0,2009,17,Sviatoshyn
UA987249,household,single,0,1989,36,Sviatoshyn
UA987800,household,single,0,2012,14,Darnytsia
UA989495,household,single,0,2015,10,Obolon
UA989651,household,dual_zone,1,1988,37,Darnytsia
UA989962,household,single,0,2004,21,Obolon
 UA992348,industrial,single,0,1995,30,Podil
UA992606,household,single,0,2007,19,Sviatoshyn
UA992637,household,single,0,2009,17,Sviatoshyn
UA993294,small_business,single,0,1986,39,Solomianka
UA994177,small_business,single,0,2023,2,Solomianka
UA994476,household,single,0,1996,29,Darnytsia
UA995222,household,dual_zone,0,2019,7,Darnytsia
UA996821,household,single,0,1994,31,Podil 
UA997044,household,single,0,2012,14,Obolon
UA998904,household,dual_zone,1,2011,15,Solomianka
